Model,Rouge_Scores,Length_of_Summary,Training_Time,TOPSIS Score,Rank
Pegasus,0.79,138,13,0.8351883647448994,1.0
GPT-3,0.82,150,12,0.8142604326829819,2.0
XLNet,0.76,135,11,0.5534377430506319,3.0
T5,0.78,140,10,0.40940608155312613,4.0
BART,0.8,145,8,0.20912013980527905,5.0
BERTSumExt,0.75,130,9,0.18573956731701843,6.0
